{"este": 21.73913043478261, "aceasta": 8.695652173913043, "in": 21.73913043478261}